INSERT INTO `eTraining`.`Azienda` (`Email`, `Password`, `Nome`, `PartitaIVA`, `Sede`, `Citta`) VALUES('almiero.zavalloni@gmail.com', 'password', 'STMicroelectronics S.r.l.', '88749432960', 'PORTANOVA ', 'Rocca Santo Stefano');
INSERT INTO `eTraining`.`TitolareAzienda` (`Azienda`, `Nome`, `Cognome`, `CodiceFiscale`)VALUES('almiero.zavalloni@gmail.com','almiero','zavalloni', '955025915244093');
INSERT INTO `eTraining`.`TutorAziendale`(`Email`,`Azienda`,`Password`,`Nome`,`Cognome`,`CodiceFiscale`,`SettoreLavoro`) VALUES ('luchina.metozzi@gmail.com','almiero.zavalloni@gmail.com','password', 'luchina','metozzi','751956443273727', 'project manager');

INSERT INTO `eTraining`.`Azienda` (`Email`, `Password`, `Nome`, `PartitaIVA`, `Sede`, `Citta`) VALUES('filodelfo.vaccaro@gmail.com', 'password', 'Webeetle s.r.l.', '36001253729', 'ACTON AMMIRAGLIO FERDINANDO ', 'Piazzatorre');
INSERT INTO `eTraining`.`TitolareAzienda` (`Azienda`, `Nome`, `Cognome`, `CodiceFiscale`)VALUES('filodelfo.vaccaro@gmail.com','filodelfo','vaccaro', '949422605940655');
INSERT INTO `eTraining`.`TutorAziendale`(`Email`,`Azienda`,`Password`,`Nome`,`Cognome`,`CodiceFiscale`,`SettoreLavoro`) VALUES ('flario.damore@gmail.com','filodelfo.vaccaro@gmail.com','password', 'flario','damore','595364056886311', 'it manager');

INSERT INTO `eTraining`.`Azienda` (`Email`, `Password`, `Nome`, `PartitaIVA`, `Sede`, `Citta`) VALUES('mazzini.rossi@gmail.com', 'password', 'Multinet scarl', '55752576928', 'MERCANTINI ', 'Pomigliano dArco');
INSERT INTO `eTraining`.`TitolareAzienda` (`Azienda`, `Nome`, `Cognome`, `CodiceFiscale`)VALUES('mazzini.rossi@gmail.com','mazzini','rossi', '285843802910296');
INSERT INTO `eTraining`.`TutorAziendale`(`Email`,`Azienda`,`Password`,`Nome`,`Cognome`,`CodiceFiscale`,`SettoreLavoro`) VALUES ('mirocle.karim@gmail.com','mazzini.rossi@gmail.com','password', 'mirocle','karim','598600779852949', 'analista');

INSERT INTO `eTraining`.`Azienda` (`Email`, `Password`, `Nome`, `PartitaIVA`, `Sede`, `Citta`) VALUES('remola.cipollone@gmail.com', 'password', 'Techmobile srl', '44505375813', 'NIUTTA UGO ', 'Massa Fermana');
INSERT INTO `eTraining`.`TitolareAzienda` (`Azienda`, `Nome`, `Cognome`, `CodiceFiscale`)VALUES('remola.cipollone@gmail.com','remola','cipollone', '381421854151377');
INSERT INTO `eTraining`.`TutorAziendale`(`Email`,`Azienda`,`Password`,`Nome`,`Cognome`,`CodiceFiscale`,`SettoreLavoro`) VALUES ('giaele.jianu@gmail.com','remola.cipollone@gmail.com','password', 'giaele','jianu','151028864663170', 'test manager');

INSERT INTO `eTraining`.`Azienda` (`Email`, `Password`, `Nome`, `PartitaIVA`, `Sede`, `Citta`) VALUES('io.cecere@gmail.com', 'password', 'VeneziaItaldata SpAVenezia srls', '38034326129', 'DE LUCIA FERNANDO ', 'Lunano');
INSERT INTO `eTraining`.`TitolareAzienda` (`Azienda`, `Nome`, `Cognome`, `CodiceFiscale`)VALUES('io.cecere@gmail.com','io','cecere', '290508293265382');
INSERT INTO `eTraining`.`TutorAziendale`(`Email`,`Azienda`,`Password`,`Nome`,`Cognome`,`CodiceFiscale`,`SettoreLavoro`) VALUES ('liana.fontanilla@gmail.com','io.cecere@gmail.com','password', 'liana','fontanilla','175275232789626', 'business analyst');

INSERT INTO `eTraining`.`Azienda` (`Email`, `Password`, `Nome`, `PartitaIVA`, `Sede`, `Citta`) VALUES('edvino.Grasso@gmail.com', 'password', 'Roll sas di Festaorlando HI TECH SpA C.', '34680926867', 'BARBIERE DI SIVIGLIA ', 'Montenars');
INSERT INTO `eTraining`.`TitolareAzienda` (`Azienda`, `Nome`, `Cognome`, `CodiceFiscale`)VALUES('edvino.Grasso@gmail.com','edvino','Grasso', '914298085739797');
INSERT INTO `eTraining`.`TutorAziendale`(`Email`,`Azienda`,`Password`,`Nome`,`Cognome`,`CodiceFiscale`,`SettoreLavoro`) VALUES ('gemignano.accadia@gmail.com','edvino.Grasso@gmail.com','password', 'gemignano','accadia','987198656939869', 'help desk manager');

INSERT INTO `eTraining`.`Azienda` (`Email`, `Password`, `Nome`, `PartitaIVA`, `Sede`, `Citta`) VALUES('isauro.caniglia @gmail.com', 'password', 'CEDIT srl', '19236115820', 'RAFFAELLO ', 'Scopello');
INSERT INTO `eTraining`.`TitolareAzienda` (`Azienda`, `Nome`, `Cognome`, `CodiceFiscale`)VALUES('isauro.caniglia @gmail.com','isauro','caniglia ', '493074018760518');
INSERT INTO `eTraining`.`TutorAziendale`(`Email`,`Azienda`,`Password`,`Nome`,`Cognome`,`CodiceFiscale`,`SettoreLavoro`) VALUES ('ferronia.borgatferroniawohlbang@gmail.com','isauro.caniglia @gmail.com','password', 'amorina','borgatonestawohlbang','289192218221168', 'full stack java developer');

INSERT INTO `eTraining`.`Azienda` (`Email`, `Password`, `Nome`, `PartitaIVA`, `Sede`, `Citta`) VALUES('oliede.Brambilla@gmail.com', 'password', 'Orakom srl', '52500268496', 'S. LIBORIO ', 'Gagliano Castelferrato');
INSERT INTO `eTraining`.`TitolareAzienda` (`Azienda`, `Nome`, `Cognome`, `CodiceFiscale`)VALUES('oliede.Brambilla@gmail.com','oliede','Brambilla', '142999976047173');
INSERT INTO `eTraining`.`TutorAziendale`(`Email`,`Azienda`,`Password`,`Nome`,`Cognome`,`CodiceFiscale`,`SettoreLavoro`) VALUES ('amorina.DiStefano@gmail.com','oliede.Brambilla@gmail.com','password', 'leonetto','Di Stefano','107830518813508', '.Net developer');

INSERT INTO `eTraining`.`Azienda` (`Email`, `Password`, `Nome`, `PartitaIVA`, `Sede`, `Citta`) VALUES('odivio.cellini@gmail.com', 'password', 'West Sud srl', '76444811322', 'ZINGARELLI NICOLA ANTONIO ', 'Gualdo Cattaneo');
INSERT INTO `eTraining`.`TitolareAzienda` (`Azienda`, `Nome`, `Cognome`, `CodiceFiscale`)VALUES('odivio.cellini@gmail.com','odivio','cellini', '183905009839840');
INSERT INTO `eTraining`.`TutorAziendale`(`Email`,`Azienda`,`Password`,`Nome`,`Cognome`,`CodiceFiscale`,`SettoreLavoro`) VALUES ('onesta.sorbalo@gmail.com','odivio.cellini@gmail.com','password', 'gaetanina','sorbalo','292527601762987', 'analista di sistema');

INSERT INTO `eTraining`.`Azienda` (`Email`, `Password`, `Nome`, `PartitaIVA`, `Sede`, `Citta`) VALUES('benizia.lunerti@gmail.com', 'password', 'King Web Design', '41395141295', 'S. ANTONIO DI PADOVA ', 'Bagnoregio');
INSERT INTO `eTraining`.`TitolareAzienda` (`Azienda`, `Nome`, `Cognome`, `CodiceFiscale`)VALUES('benizia.lunerti@gmail.com','benizia','lunerti', '920828872625664');
INSERT INTO `eTraining`.`TutorAziendale`(`Email`,`Azienda`,`Password`,`Nome`,`Cognome`,`CodiceFiscale`,`SettoreLavoro`) VALUES ('leonetto.delaguila rosario@gmail.com','benizia.lunerti@gmail.com','password', 'alearda','del aguila rosario','946062735923987', 'it manager');

INSERT INTO `eTraining`.`Azienda` (`Email`, `Password`, `Nome`, `PartitaIVA`, `Sede`, `Citta`) VALUES('rionero.de matteo@gmail.com', 'password', 'Intelligentia srl', '63070638580', 'TORCIOLANO ', 'Acquanegra Cremonese');
INSERT INTO `eTraining`.`TitolareAzienda` (`Azienda`, `Nome`, `Cognome`, `CodiceFiscale`)VALUES('rionero.de matteo@gmail.com','rionero','de matteo', '342313944391262');
INSERT INTO `eTraining`.`TutorAziendale`(`Email`,`Azienda`,`Password`,`Nome`,`Cognome`,`CodiceFiscale`,`SettoreLavoro`) VALUES ('gaetanina.Valentini@gmail.com','rionero.de matteo@gmail.com','password', 'coronata','Valentini','249138026170610', 'test manager');

INSERT INTO `eTraining`.`Azienda` (`Email`, `Password`, `Nome`, `PartitaIVA`, `Sede`, `Citta`) VALUES('elsio.pucciotti@gmail.com', 'password', 'IT MARKETING srl', '77771244064', 'CAVE ', 'Strozza');
INSERT INTO `eTraining`.`TitolareAzienda` (`Azienda`, `Nome`, `Cognome`, `CodiceFiscale`)VALUES('elsio.pucciotti@gmail.com','elsio','pucciotti', '159153087790292');
INSERT INTO `eTraining`.`TutorAziendale`(`Email`,`Azienda`,`Password`,`Nome`,`Cognome`,`CodiceFiscale`,`SettoreLavoro`) VALUES ('alearda.lucchesini@gmail.com','elsio.pucciotti@gmail.com','password', 'fernando','lucchesini','975391373878371', 'Integration specialysts');

INSERT INTO `eTraining`.`Azienda` (`Email`, `Password`, `Nome`, `PartitaIVA`, `Sede`, `Citta`) VALUES('eletto.Benedetti@gmail.com', 'password', 'KES srl ', '98727460634', 'BELLINI VINCENZO ', 'Trivigliano');
INSERT INTO `eTraining`.`TitolareAzienda` (`Azienda`, `Nome`, `Cognome`, `CodiceFiscale`)VALUES('eletto.Benedetti@gmail.com','eletto','Benedetti', '704702414089269');
INSERT INTO `eTraining`.`TutorAziendale`(`Email`,`Azienda`,`Password`,`Nome`,`Cognome`,`CodiceFiscale`,`SettoreLavoro`) VALUES ('coronata.Greco@gmail.com','eletto.Benedetti@gmail.com','password', 'ettorina','Greco','877285714717861', 'full stack java developer');

INSERT INTO `eTraining`.`Azienda` (`Email`, `Password`, `Nome`, `PartitaIVA`, `Sede`, `Citta`) VALUES('rafaelino.Ferraro@gmail.com', 'password', 'SpinVector S.p.A.', '86750269638', 'PORZIO CAMILLO ', 'San Romano in Garfagnana');
INSERT INTO `eTraining`.`TitolareAzienda` (`Azienda`, `Nome`, `Cognome`, `CodiceFiscale`)VALUES('rafaelino.Ferraro@gmail.com','rafaelino','Ferraro', '892321088030966');
INSERT INTO `eTraining`.`TutorAziendale`(`Email`,`Azienda`,`Password`,`Nome`,`Cognome`,`CodiceFiscale`,`SettoreLavoro`) VALUES ('fernando.Mancini@gmail.com','rafaelino.Ferraro@gmail.com','password', 'fasana','Mancini','603626901563436', 'it manager');

INSERT INTO `eTraining`.`Azienda` (`Email`, `Password`, `Nome`, `PartitaIVA`, `Sede`, `Citta`) VALUES('eccelsa.Fabbri@gmail.com', 'password', 'eTuitus srl', '17930870948', 'ALFANI GINO ', 'Sperlinga');
INSERT INTO `eTraining`.`TitolareAzienda` (`Azienda`, `Nome`, `Cognome`, `CodiceFiscale`)VALUES('eccelsa.Fabbri@gmail.com','eccelsa','Fabbri', '627863275488850');
INSERT INTO `eTraining`.`TutorAziendale`(`Email`,`Azienda`,`Password`,`Nome`,`Cognome`,`CodiceFiscale`,`SettoreLavoro`) VALUES ('ettorina.pasolini@gmail.com','eccelsa.Fabbri@gmail.com','password', 'bonaccorso','pasolini','622744459754143', 'sistemista *nix');

INSERT INTO `eTraining`.`Azienda` (`Email`, `Password`, `Nome`, `PartitaIVA`, `Sede`, `Citta`) VALUES('fantino.pongetti@gmail.com', 'password', 'MARVIT srl ', '54433202736', 'S. ANNA ', 'Cavernago');
INSERT INTO `eTraining`.`TitolareAzienda` (`Azienda`, `Nome`, `Cognome`, `CodiceFiscale`)VALUES('fantino.pongetti@gmail.com','fantino','pongetti', '942405411722219');
INSERT INTO `eTraining`.`TutorAziendale`(`Email`,`Azienda`,`Password`,`Nome`,`Cognome`,`CodiceFiscale`,`SettoreLavoro`) VALUES ('fasana.lippi@gmail.com','fantino.pongetti@gmail.com','password', 'naomi','lippi','547217744263148', 'DBA manager');

INSERT INTO `eTraining`.`Azienda` (`Email`, `Password`, `Nome`, `PartitaIVA`, `Sede`, `Citta`) VALUES('gardenia.wilmer@gmail.com', 'password', 'Overall Communication Systems srl ', '46837618321', 'GALANTE GENNARO ASPRENO ', 'Veniano');
INSERT INTO `eTraining`.`TitolareAzienda` (`Azienda`, `Nome`, `Cognome`, `CodiceFiscale`)VALUES('gardenia.wilmer@gmail.com','gardenia','wilmer', '153369978834250');
INSERT INTO `eTraining`.`TutorAziendale`(`Email`,`Azienda`,`Password`,`Nome`,`Cognome`,`CodiceFiscale`,`SettoreLavoro`) VALUES ('bonaccorso.spoletini@gmail.com','gardenia.wilmer@gmail.com','password', 'russo','spoletini','723101509137398', 'secorety auditor');

INSERT INTO `eTraining`.`Azienda` (`Email`, `Password`, `Nome`, `PartitaIVA`, `Sede`, `Citta`) VALUES('velmino.basile@gmail.com', 'password', '7WEB di Cammarota M. e Senatore M. s', '86952799012', 'MOLINO SALLUZZO ', 'Tula');
INSERT INTO `eTraining`.`TitolareAzienda` (`Azienda`, `Nome`, `Cognome`, `CodiceFiscale`)VALUES('velmino.basile@gmail.com','velmino','basile', '882089377106910');
INSERT INTO `eTraining`.`TutorAziendale`(`Email`,`Azienda`,`Password`,`Nome`,`Cognome`,`CodiceFiscale`,`SettoreLavoro`) VALUES ('naomi.oliva@gmail.com','velmino.basile@gmail.com','password', 'marcilio','oliva','550418955054983', 'test manager');

INSERT INTO `eTraining`.`Azienda` (`Email`, `Password`, `Nome`, `PartitaIVA`, `Sede`, `Citta`) VALUES('nada.Conte@gmail.com', 'password', 'Comune di Cava dè Tirreni', '75411206046', 'TIBERIO ', 'Lusernetta');
INSERT INTO `eTraining`.`TitolareAzienda` (`Azienda`, `Nome`, `Cognome`, `CodiceFiscale`)VALUES('nada.Conte@gmail.com','nada','Conte', '526507386467755');
INSERT INTO `eTraining`.`TutorAziendale`(`Email`,`Azienda`,`Password`,`Nome`,`Cognome`,`CodiceFiscale`,`SettoreLavoro`) VALUES ('russo.cagnotti@gmail.com','nada.Conte@gmail.com','password', 'romo','cagnotti','120681996936411', 'system integrator');

INSERT INTO `eTraining`.`Azienda` (`Email`, `Password`, `Nome`, `PartitaIVA`, `Sede`, `Citta`) VALUES('miliana.clesceri@gmail.com', 'password', 'Nablacom di R.Santacroce ', '18628468611', 'CINQUE ANTONIO ', 'Santa Croce sullArno');
INSERT INTO `eTraining`.`TitolareAzienda` (`Azienda`, `Nome`, `Cognome`, `CodiceFiscale`)VALUES('miliana.clesceri@gmail.com','miliana','clesceri', '179340203253443');
INSERT INTO `eTraining`.`TutorAziendale`(`Email`,`Azienda`,`Password`,`Nome`,`Cognome`,`CodiceFiscale`,`SettoreLavoro`) VALUES ('marcilio.diamantini@gmail.com','miliana.clesceri@gmail.com','password', 'riano','diamantini','708783545271933', 'DBA manager');

INSERT INTO `eTraining`.`Azienda` (`Email`, `Password`, `Nome`, `PartitaIVA`, `Sede`, `Citta`) VALUES('elios.Pinna@gmail.com', 'password', 'Biair s.r.l.', '78876913218', 'TEATRO S. FERDINANDO ', 'Castel di Tora');
INSERT INTO `eTraining`.`TitolareAzienda` (`Azienda`, `Nome`, `Cognome`, `CodiceFiscale`)VALUES('elios.Pinna@gmail.com','elios','Pinna', '361085518711565');
INSERT INTO `eTraining`.`TutorAziendale`(`Email`,`Azienda`,`Password`,`Nome`,`Cognome`,`CodiceFiscale`,`SettoreLavoro`) VALUES ('romo.ciarlariello@gmail.com','elios.Pinna@gmail.com','password', 'lepido','ciarlariello','543043882607695', 'system integrator');

INSERT INTO `eTraining`.`Azienda` (`Email`, `Password`, `Nome`, `PartitaIVA`, `Sede`, `Citta`) VALUES('ilaro.Caputo@gmail.com', 'password', 'Theorema s.r.l. ‐ Fisciano (SA)', '39954307454', 'PEROSI LORENZO ', 'Gonnosfanadiga');
INSERT INTO `eTraining`.`TitolareAzienda` (`Azienda`, `Nome`, `Cognome`, `CodiceFiscale`)VALUES('ilaro.Caputo@gmail.com','ilaro','Caputo', '663945504460035');
INSERT INTO `eTraining`.`TutorAziendale`(`Email`,`Azienda`,`Password`,`Nome`,`Cognome`,`CodiceFiscale`,`SettoreLavoro`) VALUES ('riano.pasolini@gmail.com','ilaro.Caputo@gmail.com','password', 'natalino','pasolini','316067643723934', 'business analyst');

INSERT INTO `eTraining`.`Azienda` (`Email`, `Password`, `Nome`, `PartitaIVA`, `Sede`, `Citta`) VALUES('brunilde.soro@gmail.com', 'password', 'QUI! Group SpA', '50530850001', 'CHIAIANO ', 'Cecina');
INSERT INTO `eTraining`.`TitolareAzienda` (`Azienda`, `Nome`, `Cognome`, `CodiceFiscale`)VALUES('brunilde.soro@gmail.com','brunilde','soro', '168314716912807');
INSERT INTO `eTraining`.`TutorAziendale`(`Email`,`Azienda`,`Password`,`Nome`,`Cognome`,`CodiceFiscale`,`SettoreLavoro`) VALUES ('lepido.ghazi@gmail.com','brunilde.soro@gmail.com','password', 'arnoldo','ghazi','229154492197935', 'game designer');

INSERT INTO `eTraining`.`Azienda` (`Email`, `Password`, `Nome`, `PartitaIVA`, `Sede`, `Citta`) VALUES('ordalia.simonetti@gmail.com', 'password', 'Comune di Giffoni Valle Piana', '22426437036', 'PASQUALE GIUSEPPE ANTONIO ', 'Perfugas');
INSERT INTO `eTraining`.`TitolareAzienda` (`Azienda`, `Nome`, `Cognome`, `CodiceFiscale`)VALUES('ordalia.simonetti@gmail.com','ordalia','simonetti', '211016313506107');
INSERT INTO `eTraining`.`TutorAziendale`(`Email`,`Azienda`,`Password`,`Nome`,`Cognome`,`CodiceFiscale`,`SettoreLavoro`) VALUES ('natalino.paolini@gmail.com','ordalia.simonetti@gmail.com','password', 'abondio','paolini','374426193984432', 'system integrator');

INSERT INTO `eTraining`.`Azienda` (`Email`, `Password`, `Nome`, `PartitaIVA`, `Sede`, `Citta`) VALUES('alearda.labella@gmail.com', 'password', 'M.A.C. srl', '46318222479', 'DELLA GATTA CARLO ', 'Sauze di Cesana');
INSERT INTO `eTraining`.`TitolareAzienda` (`Azienda`, `Nome`, `Cognome`, `CodiceFiscale`)VALUES('alearda.labella@gmail.com','alearda','labella', '771044378440506');
INSERT INTO `eTraining`.`TutorAziendale`(`Email`,`Azienda`,`Password`,`Nome`,`Cognome`,`CodiceFiscale`,`SettoreLavoro`) VALUES ('arnoldo.desantis@gmail.com','alearda.labella@gmail.com','password', 'romelio','De Santis','329485592866533', 'DBA manager');

INSERT INTO `eTraining`.`Azienda` (`Email`, `Password`, `Nome`, `PartitaIVA`, `Sede`, `Citta`) VALUES('ruggiero.popescu@gmail.com', 'password', 'FIN.RENT. Srl', '50817015405', 'PIGNE ', 'Montemaggiore al Metauro');
INSERT INTO `eTraining`.`TitolareAzienda` (`Azienda`, `Nome`, `Cognome`, `CodiceFiscale`)VALUES('ruggiero.popescu@gmail.com','ruggiero','popescu', '726307776321404');
INSERT INTO `eTraining`.`TutorAziendale`(`Email`,`Azienda`,`Password`,`Nome`,`Cognome`,`CodiceFiscale`,`SettoreLavoro`) VALUES ('abondio.Calabrese@gmail.com','ruggiero.popescu@gmail.com','password', 'riedo','Calabrese','530318012026303', 'sistemista *nix');

INSERT INTO `eTraining`.`Azienda` (`Email`, `Password`, `Nome`, `PartitaIVA`, `Sede`, `Citta`) VALUES('novarina.attendoli@gmail.com', 'password', 'BV NETWORKS srl', '56208131136', 'MARINO DI CARAMANICO ', 'Guglionesi');
INSERT INTO `eTraining`.`TitolareAzienda` (`Azienda`, `Nome`, `Cognome`, `CodiceFiscale`)VALUES('novarina.attendoli@gmail.com','novarina','attendoli', '778454522998015');
INSERT INTO `eTraining`.`TutorAziendale`(`Email`,`Azienda`,`Password`,`Nome`,`Cognome`,`CodiceFiscale`,`SettoreLavoro`) VALUES ('romelio.fontanella@gmail.com','novarina.attendoli@gmail.com','password', 'dosolina','fontanella','949241797405963', 'DBA manager');

INSERT INTO `eTraining`.`Azienda` (`Email`, `Password`, `Nome`, `PartitaIVA`, `Sede`, `Citta`) VALUES('amaddio.tarnogrodzki@gmail.com', 'password', 'Comune di Mercogliano (AV)', '79405252722', 'MARINA DEI GIGLI ', 'Ollastra');
INSERT INTO `eTraining`.`TitolareAzienda` (`Azienda`, `Nome`, `Cognome`, `CodiceFiscale`)VALUES('amaddio.tarnogrodzki@gmail.com','amaddio','tarnogrodzki', '727219115209732');
INSERT INTO `eTraining`.`TutorAziendale`(`Email`,`Azienda`,`Password`,`Nome`,`Cognome`,`CodiceFiscale`,`SettoreLavoro`) VALUES ('riedo.wirth@gmail.com','amaddio.tarnogrodzki@gmail.com','password', 'procopio','wirth','714541335762138', 'game designer');

INSERT INTO `eTraining`.`Azienda` (`Email`, `Password`, `Nome`, `PartitaIVA`, `Sede`, `Citta`) VALUES('vilelma.vitor@gmail.com', 'password', 'Mangatar srl', '20000697781', 'OFANTO ', 'Strembo');
INSERT INTO `eTraining`.`TitolareAzienda` (`Azienda`, `Nome`, `Cognome`, `CodiceFiscale`)VALUES('vilelma.vitor@gmail.com','vilelma','vitor', '178898441871623');
INSERT INTO `eTraining`.`TutorAziendale`(`Email`,`Azienda`,`Password`,`Nome`,`Cognome`,`CodiceFiscale`,`SettoreLavoro`) VALUES ('dosolina.hijjoui@gmail.com','vilelma.vitor@gmail.com','password', 'amatuccio','hijjoui','402901722504148', 'game designer');

INSERT INTO `eTraining`.`Azienda` (`Email`, `Password`, `Nome`, `PartitaIVA`, `Sede`, `Citta`) VALUES('leda.meucci@gmail.com', 'password', 'WISEWIEW srl', '21661691087', 'PAVIA ', 'Morengo');
INSERT INTO `eTraining`.`TitolareAzienda` (`Azienda`, `Nome`, `Cognome`, `CodiceFiscale`)VALUES('leda.meucci@gmail.com','leda','meucci', '702781771922519');
INSERT INTO `eTraining`.`TutorAziendale`(`Email`,`Azienda`,`Password`,`Nome`,`Cognome`,`CodiceFiscale`,`SettoreLavoro`) VALUES ('procopio.delaguila rosario@gmail.com','leda.meucci@gmail.com','password', 'ciro','del aguila rosario','134063212461897', 'sistemista *nix');

INSERT INTO `eTraining`.`Azienda` (`Email`, `Password`, `Nome`, `PartitaIVA`, `Sede`, `Citta`) VALUES('catello.Di Stefano@gmail.com', 'password', 'GSAI di Di Pietro Fabio', '48849658705', 'CAPPIELLO ', 'Bagolino');
INSERT INTO `eTraining`.`TitolareAzienda` (`Azienda`, `Nome`, `Cognome`, `CodiceFiscale`)VALUES('catello.Di Stefano@gmail.com','catello','Di Stefano', '891032025096175');
INSERT INTO `eTraining`.`TutorAziendale`(`Email`,`Azienda`,`Password`,`Nome`,`Cognome`,`CodiceFiscale`,`SettoreLavoro`) VALUES ('amatuccio.mercantini@gmail.com','catello.Di Stefano@gmail.com','password', 'michal','mercantini','657970776527880', 'analista');

INSERT INTO `eTraining`.`Azienda` (`Email`, `Password`, `Nome`, `PartitaIVA`, `Sede`, `Citta`) VALUES('poldino.rotella@gmail.com', 'password', 'GSAI di Di Pietro Fabio', '97962852964', 'BURBER MARIN ', 'Meltina');
INSERT INTO `eTraining`.`TitolareAzienda` (`Azienda`, `Nome`, `Cognome`, `CodiceFiscale`)VALUES('poldino.rotella@gmail.com','poldino','rotella', '653675423465986');
INSERT INTO `eTraining`.`TutorAziendale`(`Email`,`Azienda`,`Password`,`Nome`,`Cognome`,`CodiceFiscale`,`SettoreLavoro`) VALUES ('ciro.Vitali@gmail.com','poldino.rotella@gmail.com','password', 'fabrio','Vitali','311085611457090', 'business analyst');

INSERT INTO `eTraining`.`Azienda` (`Email`, `Password`, `Nome`, `PartitaIVA`, `Sede`, `Citta`) VALUES('ezechiella.Ruggeri@gmail.com', 'password', 'Acca Software SpA', '62011260148', 'TRIVIO ', 'Lessolo');
INSERT INTO `eTraining`.`TitolareAzienda` (`Azienda`, `Nome`, `Cognome`, `CodiceFiscale`)VALUES('ezechiella.Ruggeri@gmail.com','ezechiella','Ruggeri', '334205885706059');
INSERT INTO `eTraining`.`TutorAziendale`(`Email`,`Azienda`,`Password`,`Nome`,`Cognome`,`CodiceFiscale`,`SettoreLavoro`) VALUES ('michal.ghazi@gmail.com','ezechiella.Ruggeri@gmail.com','password', 'altera','ghazi','580284212321152', 'analista');

INSERT INTO `eTraining`.`Azienda` (`Email`, `Password`, `Nome`, `PartitaIVA`, `Sede`, `Citta`) VALUES('orsetta.cecchetti@gmail.com', 'password', 'Software Business Srl', '47025127501', 'CAPUANO M. ', 'Ossana');
INSERT INTO `eTraining`.`TitolareAzienda` (`Azienda`, `Nome`, `Cognome`, `CodiceFiscale`)VALUES('orsetta.cecchetti@gmail.com','orsetta','cecchetti', '696965707768782');
INSERT INTO `eTraining`.`TutorAziendale`(`Email`,`Azienda`,`Password`,`Nome`,`Cognome`,`CodiceFiscale`,`SettoreLavoro`) VALUES ('fabrio.ducci@gmail.com','orsetta.cecchetti@gmail.com','password', 'ozino','ducci','779653337279430', 'secorety auditor');

INSERT INTO `eTraining`.`Azienda` (`Email`, `Password`, `Nome`, `PartitaIVA`, `Sede`, `Citta`) VALUES('aldeandra.Garofalo@gmail.com', 'password', 'ITCONSULTING Srls', '70474468505', 'IL GIARDINO DEI CILIEGI ', 'Morro Reatino');
INSERT INTO `eTraining`.`TitolareAzienda` (`Azienda`, `Nome`, `Cognome`, `CodiceFiscale`)VALUES('aldeandra.Garofalo@gmail.com','aldeandra','Garofalo', '834469896805977');
INSERT INTO `eTraining`.`TutorAziendale`(`Email`,`Azienda`,`Password`,`Nome`,`Cognome`,`CodiceFiscale`,`SettoreLavoro`) VALUES ('altera.rosata@gmail.com','aldeandra.Garofalo@gmail.com','password', 'niceo','rosata','252593424332307', 'secorety auditor');

INSERT INTO `eTraining`.`Azienda` (`Email`, `Password`, `Nome`, `PartitaIVA`, `Sede`, `Citta`) VALUES('viscardo.caligiuri@gmail.com', 'password', 'Aptasys srl', '91135962350', 'VERDI GIUSEPPE ', 'Muccia');
INSERT INTO `eTraining`.`TitolareAzienda` (`Azienda`, `Nome`, `Cognome`, `CodiceFiscale`)VALUES('viscardo.caligiuri@gmail.com','viscardo','caligiuri', '428934144261897');
INSERT INTO `eTraining`.`TutorAziendale`(`Email`,`Azienda`,`Password`,`Nome`,`Cognome`,`CodiceFiscale`,`SettoreLavoro`) VALUES ('ozino.Zanetti@gmail.com','viscardo.caligiuri@gmail.com','password', 'giammaria','Zanetti','349530949586520', 'secorety auditor');

INSERT INTO `eTraining`.`Azienda` (`Email`, `Password`, `Nome`, `PartitaIVA`, `Sede`, `Citta`) VALUES('epaminonda.gasmi@gmail.com', 'password', 'System Management SpA', '63316016794', 'DE BUSTIS CASALE ', 'Codigoro');
INSERT INTO `eTraining`.`TitolareAzienda` (`Azienda`, `Nome`, `Cognome`, `CodiceFiscale`)VALUES('epaminonda.gasmi@gmail.com','epaminonda','gasmi', '172403794282529');
INSERT INTO `eTraining`.`TutorAziendale`(`Email`,`Azienda`,`Password`,`Nome`,`Cognome`,`CodiceFiscale`,`SettoreLavoro`) VALUES ('niceo.harroud@gmail.com','epaminonda.gasmi@gmail.com','password', 'eleonardo','harroud','368327565707107', '.Net developer');

INSERT INTO `eTraining`.`Azienda` (`Email`, `Password`, `Nome`, `PartitaIVA`, `Sede`, `Citta`) VALUES('totÚ.panza@gmail.com', 'password', '3FBC Soft srlEDIN SpA', '83367872493', 'DONNAREGINA ', 'Marciana');
INSERT INTO `eTraining`.`TitolareAzienda` (`Azienda`, `Nome`, `Cognome`, `CodiceFiscale`)VALUES('totÚ.panza@gmail.com','totÚ','panza', '113701292375454');
INSERT INTO `eTraining`.`TutorAziendale`(`Email`,`Azienda`,`Password`,`Nome`,`Cognome`,`CodiceFiscale`,`SettoreLavoro`) VALUES ('giammaria.carullo@gmail.com','totÚ.panza@gmail.com','password', 'eleodoro','carullo','821356401303133', 'it manager');

INSERT INTO `eTraining`.`Azienda` (`Email`, `Password`, `Nome`, `PartitaIVA`, `Sede`, `Citta`) VALUES('ottolina.bernardi@gmail.com', 'password', 'CITEL GROUP srl', '46246276948', 'AVVENIRE ', 'Calvatone');
INSERT INTO `eTraining`.`TitolareAzienda` (`Azienda`, `Nome`, `Cognome`, `CodiceFiscale`)VALUES('ottolina.bernardi@gmail.com','ottolina','bernardi', '849446035899649');
INSERT INTO `eTraining`.`TutorAziendale`(`Email`,`Azienda`,`Password`,`Nome`,`Cognome`,`CodiceFiscale`,`SettoreLavoro`) VALUES ('eleonardo.caldironi@gmail.com','ottolina.bernardi@gmail.com','password', 'ursula','caldironi','966268468538187', 'analista');

INSERT INTO `eTraining`.`Azienda` (`Email`, `Password`, `Nome`, `PartitaIVA`, `Sede`, `Citta`) VALUES('dalino.abu@gmail.com', 'password', 'Citel Group srl', '67391475170', 'PIETRARSA VICINALE ', 'Castelfidardo');
INSERT INTO `eTraining`.`TitolareAzienda` (`Azienda`, `Nome`, `Cognome`, `CodiceFiscale`)VALUES('dalino.abu@gmail.com','dalino','abu', '537905141347459');
INSERT INTO `eTraining`.`TutorAziendale`(`Email`,`Azienda`,`Password`,`Nome`,`Cognome`,`CodiceFiscale`,`SettoreLavoro`) VALUES ('eleodoro.Russo@gmail.com','dalino.abu@gmail.com','password', 'egilio','Russo','433778898836670', 'sviluppatore Java EE');

INSERT INTO `eTraining`.`Azienda` (`Email`, `Password`, `Nome`, `PartitaIVA`, `Sede`, `Citta`) VALUES('ivaldino.Donati@gmail.com', 'password', 'Consolato Generale Americano', '10438187648', 'BAGNOLI ', 'Colfelice');
INSERT INTO `eTraining`.`TitolareAzienda` (`Azienda`, `Nome`, `Cognome`, `CodiceFiscale`)VALUES('ivaldino.Donati@gmail.com','ivaldino','Donati', '866657340014551');
INSERT INTO `eTraining`.`TutorAziendale`(`Email`,`Azienda`,`Password`,`Nome`,`Cognome`,`CodiceFiscale`,`SettoreLavoro`) VALUES ('ursula.Moro@gmail.com','ivaldino.Donati@gmail.com','password', 'gerolamo','Moro','752795966355491', 'business analyst');

INSERT INTO `eTraining`.`Azienda` (`Email`, `Password`, `Nome`, `PartitaIVA`, `Sede`, `Citta`) VALUES('quinta.giannetti@gmail.com', 'password', 'DATONIX SpA', '28362617994', 'BROGGIA ', 'Zapponeta');
INSERT INTO `eTraining`.`TitolareAzienda` (`Azienda`, `Nome`, `Cognome`, `CodiceFiscale`)VALUES('quinta.giannetti@gmail.com','quinta','giannetti', '209526785398314');
INSERT INTO `eTraining`.`TutorAziendale`(`Email`,`Azienda`,`Password`,`Nome`,`Cognome`,`CodiceFiscale`,`SettoreLavoro`) VALUES ('egilio.galli@gmail.com','quinta.giannetti@gmail.com','password', 'gillia','galli','948396077345111', 'secorety auditor');

INSERT INTO `eTraining`.`Azienda` (`Email`, `Password`, `Nome`, `PartitaIVA`, `Sede`, `Citta`) VALUES('lancillotto.martino@gmail.com', 'password', 'EAI Software srl', '27031518484', 'MARTIRI ', 'Agosta');
INSERT INTO `eTraining`.`TitolareAzienda` (`Azienda`, `Nome`, `Cognome`, `CodiceFiscale`)VALUES('lancillotto.martino@gmail.com','lancillotto','martino', '480588977750716');
INSERT INTO `eTraining`.`TutorAziendale`(`Email`,`Azienda`,`Password`,`Nome`,`Cognome`,`CodiceFiscale`,`SettoreLavoro`) VALUES ('gerolamo.blasi@gmail.com','lancillotto.martino@gmail.com','password', 'danio','blasi','798552198886558', 'full stack java developer');

INSERT INTO `eTraining`.`Azienda` (`Email`, `Password`, `Nome`, `PartitaIVA`, `Sede`, `Citta`) VALUES('iperide.williams@gmail.com', 'password', 'Fides Consulting srl', '78129573835', 'ARUTA ', 'Rionero in Vulture');
INSERT INTO `eTraining`.`TitolareAzienda` (`Azienda`, `Nome`, `Cognome`, `CodiceFiscale`)VALUES('iperide.williams@gmail.com','iperide','williams', '883141229479571');
INSERT INTO `eTraining`.`TutorAziendale`(`Email`,`Azienda`,`Password`,`Nome`,`Cognome`,`CodiceFiscale`,`SettoreLavoro`) VALUES ('gillia.Mancini@gmail.com','iperide.williams@gmail.com','password', 'efisina','Mancini','719240258783033', 'sviluppatore ios');

INSERT INTO `eTraining`.`Azienda` (`Email`, `Password`, `Nome`, `PartitaIVA`, `Sede`, `Citta`) VALUES('contardina.Costa@gmail.com', 'password', 'Indra Italia SpA', '19661876287', 'RAMAGLIA ', 'Nughedu Santa Vittoria');
INSERT INTO `eTraining`.`TitolareAzienda` (`Azienda`, `Nome`, `Cognome`, `CodiceFiscale`)VALUES('contardina.Costa@gmail.com','contardina','Costa', '907516713730303');
INSERT INTO `eTraining`.`TutorAziendale`(`Email`,`Azienda`,`Password`,`Nome`,`Cognome`,`CodiceFiscale`,`SettoreLavoro`) VALUES ('danio.di sipio@gmail.com','contardina.Costa@gmail.com','password', 'romiro','di sipio','922811246350671', '.Net developer');

INSERT INTO `eTraining`.`Azienda` (`Email`, `Password`, `Nome`, `PartitaIVA`, `Sede`, `Citta`) VALUES('festilio.dottavio @gmail.com', 'password', 'ITALSIME srl', '71422784836', 'STAZIO ', 'Antegnate');
INSERT INTO `eTraining`.`TitolareAzienda` (`Azienda`, `Nome`, `Cognome`, `CodiceFiscale`)VALUES('festilio.dottavio @gmail.com','festilio','dottavio ', '124630715243537');
INSERT INTO `eTraining`.`TutorAziendale`(`Email`,`Azienda`,`Password`,`Nome`,`Cognome`,`CodiceFiscale`,`SettoreLavoro`) VALUES ('efisina.planta@gmail.com','festilio.dottavio @gmail.com','password', 'normanda','planta','870771855396311', 'eferdinandolearning manager');

INSERT INTO `eTraining`.`Azienda` (`Email`, `Password`, `Nome`, `PartitaIVA`, `Sede`, `Citta`) VALUES('lorina.pezzuco@gmail.com', 'password', 'KOINE srl', '97089766351', 'SOPRANO ', 'Trapani');
INSERT INTO `eTraining`.`TitolareAzienda` (`Azienda`, `Nome`, `Cognome`, `CodiceFiscale`)VALUES('lorina.pezzuco@gmail.com','lorina','pezzuco', '620533880010287');
INSERT INTO `eTraining`.`TutorAziendale`(`Email`,`Azienda`,`Password`,`Nome`,`Cognome`,`CodiceFiscale`,`SettoreLavoro`) VALUES ('romiro.martellini @gmail.com','lorina.pezzuco@gmail.com','password', 'consolata','martellini ','269079820846648', '.Net developer');

INSERT INTO `eTraining`.`Azienda` (`Email`, `Password`, `Nome`, `PartitaIVA`, `Sede`, `Citta`) VALUES('poldina.mangano@gmail.com', 'password', 'azienda', '16545646626', 'LIETO ', 'Cassiglio');
INSERT INTO `eTraining`.`TitolareAzienda` (`Azienda`, `Nome`, `Cognome`, `CodiceFiscale`)VALUES('poldina.mangano@gmail.com','poldina','mangano', '465708274213469');
INSERT INTO `eTraining`.`TutorAziendale`(`Email`,`Azienda`,`Password`,`Nome`,`Cognome`,`CodiceFiscale`,`SettoreLavoro`) VALUES ('normanda.alam@gmail.com','poldina.mangano@gmail.com','password', '-','alam','402395240034046', 'analista');

INSERT INTO `eTraining`.`Azienda` (`Email`, `Password`, `Nome`, `PartitaIVA`, `Sede`, `Citta`) VALUES('ottello.covato@gmail.com', 'password', 'azienda', '79021850086', 'CASE PUNTELLATE ', 'Pombia');
INSERT INTO `eTraining`.`TitolareAzienda` (`Azienda`, `Nome`, `Cognome`, `CodiceFiscale`)VALUES('ottello.covato@gmail.com','ottello','covato', '692665897636593');
INSERT INTO `eTraining`.`TutorAziendale`(`Email`,`Azienda`,`Password`,`Nome`,`Cognome`,`CodiceFiscale`,`SettoreLavoro`) VALUES ('ferdinando.malagigi@gmail.com','ottello.covato@gmail.com','password', '-','malagigi','959633990941369', 'Integration specialysts');

INSERT INTO `eTraining`.`Azienda` (`Email`, `Password`, `Nome`, `PartitaIVA`, `Sede`, `Citta`) VALUES('saro.damore@gmail.com', 'password', 'azienda', '45593432871', 'BIANCHINI LUDOVICO ', 'Vinadio');
INSERT INTO `eTraining`.`TitolareAzienda` (`Azienda`, `Nome`, `Cognome`, `CodiceFiscale`)VALUES('saro.damore@gmail.com','saro','damore', '901652478442862');
INSERT INTO `eTraining`.`TutorAziendale`(`Email`,`Azienda`,`Password`,`Nome`,`Cognome`,`CodiceFiscale`,`SettoreLavoro`) VALUES ('consolata.patwary@gmail.com','saro.damore@gmail.com','password', '-','patwary','156438338509022', 'help desk manager');
